serial_number,product_model,ncm
41171HFGN722QC,CCwGT,4773
41171HFGN72B4G,CCwGT,4773
41171HFGN72B1V,CCwGT,4773
41171HFGN7235E,CCwGT,4773
41171HFGN72A07,CCwGT,4773
41171HFGN72B6Q,CCwGT,4773
41171HFGN72B23,CCwGT,4773
41171HFGN72341,CCwGT,4773
41171HFGN723FA,CCwGT,4773
41171HFGN72B3J,CCwGT,4773
41171HFGN722UQ,CCwGT,4773
41171HFGN729TY,CCwGT,4773
41171HFGN722RH,CCwGT,4773
41171HFGN722Y6,CCwGT,4773
41171HFGN722RS,CCwGT,4773
41171HFGN72A2E,CCwGT,4773
41171HFGN72BL3,CCwGT,4773
41171HFGN72AXP,CCwGT,4773
41171HFGN72B6C,CCwGT,4773
41171HFGN7233Y,CCwGT,4773
41171HFGN722TF,CCwGT,4773
41171HFGN7238C,CCwGT,4773
41171HFGN72AUD,CCwGT,4773
41171HFGN722Q2,CCwGT,4773
41171HFGN723BZ,CCwGT,4773
41171HFGN72397,CCwGT,4773
41171HFGN723BN,CCwGT,4773
41171HFGN72BTS,CCwGT,4773
41171HFGN72ARY,CCwGT,4773
41171HFGN722B4,CCwGT,4773
41171HFGN722MU,CCwGT,4773
41171HFGN722KC,CCwGT,4773
41171HFGN72BGN,CCwGT,4773
41171HFGN723DG,CCwGT,4773
41171HFGN72B0S,CCwGT,4773
41171HFGN72AZ7,CCwGT,4773
41171HFGN7236M,CCwGT,4773
41171HFGN7239G,CCwGT,4773
41171HFGN722PJ,CCwGT,4773
41171HFGN72BR5,CCwGT,4773
41171HFGN722V8,CCwGT,4773
41171HFGN722UP,CCwGT,4773
41171HFGN723E2,CCwGT,4773
41171HFGN729WJ,CCwGT,4773
41171HFGN729JJ,CCwGT,4773
41171HFGN72AUR,CCwGT,4773
41171HFGN721YP,CCwGT,4773
41171HFGN7234Y,CCwGT,4773
41171HFGN7237X,CCwGT,4773
41171HFGN72AXM,CCwGT,4773
41171HFGN7222D,CCwGT,4773
41171HFGN7234N,CCwGT,4773
41171HFGN729YJ,CCwGT,4773
41171HFGN722RA,CCwGT,4773
41171HFGN722Z8,CCwGT,4773
41171HFGN72344,CCwGT,4773
41171HFGN723A1,CCwGT,4773
41171HFGN72BGD,CCwGT,4773
41171HFGN723FG,CCwGT,4773
41171HFGN7231R,CCwGT,4773